{"cameraMode":{"drawMode":0,"name":"Shaded","section":"Shading Mode"},"sceneLighting":true,"audioPlay":false,"sceneViewState":{"m_AlwaysRefresh":false,"showFog":true,"showSkybox":true,"showFlares":true,"showImageEffects":true,"showParticleSystems":true,"showVisualEffectGraphs":true,"m_FxEnabled":true},"in2DMode":false,"pivot":{"x":0.03258919343352318,"y":1.4190987348556519,"z":-0.15593475103378297},"rotation":{"x":0.010806086473166943,"y":0.025492103770375253,"z":-0.00028423508047126234,"w":0.9996308088302612},"size":0.3339744210243225,"orthographic":false}