{"cameraMode":{"drawMode":0,"name":"Shaded","section":"Shading Mode"},"sceneLighting":true,"audioPlay":false,"sceneViewState":{"m_AlwaysRefresh":false,"showFog":true,"showSkybox":true,"showFlares":true,"showImageEffects":true,"showParticleSystems":true,"showVisualEffectGraphs":true,"m_FxEnabled":true},"in2DMode":false,"pivot":{"x":-0.25000008940696719,"y":0.19831401109695435,"z":-0.004838660359382629},"rotation":{"x":-0.08741332590579987,"y":0.8998315930366516,"z":-0.21193304657936097,"w":-0.37114208936691286},"size":1.1322134733200074,"orthographic":false}