{"cameraMode":{"drawMode":0,"name":"Shaded","section":"Shading Mode"},"sceneLighting":true,"audioPlay":false,"sceneViewState":{"m_AlwaysRefresh":false,"showFog":true,"showSkybox":true,"showFlares":true,"showImageEffects":true,"showParticleSystems":true,"showVisualEffectGraphs":true,"m_FxEnabled":true},"in2DMode":false,"pivot":{"x":-0.07742735743522644,"y":3.7228004932403566,"z":4.067030906677246},"rotation":{"x":-0.10751426964998245,"y":0.10330045223236084,"z":-0.011230040341615677,"w":-0.9887672066688538},"size":3.9829206466674806,"orthographic":false}